freq,db,phaseDeg
0,-5,0
100000000,-4.74618456658502,5.19850695005765
200000000,-4.23791794663696,8.05057260457843
300000000,-3.78395025084709,8.97898215527398
400000000,-3.45729676571096,9.07397246907763
500000000,-3.23077732141141,8.93041064561254
600000000,-3.06890677471239,8.77400074558108
700000000,-2.94675969673117,8.6732135248823
800000000,-2.84881210897569,8.63980579064148
900000000,-2.76558571507022,8.6672284515971
1000000000,-2.69123163888548,8.74432484648106
1100000000,-2.62207049956829,8.8599501674172
1200000000,-2.55574232507712,9.00433206700685
1300000000,-2.49070946283735,9.16929363552334
1400000000,-2.42596030998063,9.34811066267086
1500000000,-2.36082837733508,9.53528067008499
1600000000,-2.29487890385356,9.7262983322452
1700000000,-2.2278359663975,9.91746447225754
1800000000,-2.15953445881869,10.1057317930645
1900000000,-2.08988771165054,10.2885828435641
2000000000,-2.01886517681224,10.4639340937343
2100000000,-1.94647673327828,10.6300604324169
2200000000,-1.87276144066021,10.7855353999502
2300000000,-1.7977793416092,10.9291834831803
2400000000,-1.72160539477895,11.0600416644333
2500000000,-1.64432492451336,11.1773281006479
2600000000,-1.56603016962619,11.2804163332287
2700000000,-1.48681764223428,11.3688138240854
2800000000,-1.40678609324206,11.4421439083416
2900000000,-1.32603493897527,11.5001304739068
3000000000,-1.24466304318792,11.5425848416962
3100000000,-1.16276777631595,11.5693944422835
3200000000,-1.08044429336787,11.5805129760065
3300000000,-0.99778498581615,11.5759518120192
3400000000,-0.914879072999842,11.5557724334007
3500000000,-0.831812306023575,11.5200797745296
3600000000,-0.748666762725339,11.469016326721
3700000000,-0.665520716522556,11.4027569109598
3800000000,-0.582448565206091,11.3215040342067
3900000000,-0.49952080829631,11.2254837594854
4000000000,-0.416804063588123,11.1149420307597
4100000000,-0.33436111512451,10.9901414021814
4200000000,-0.252250986145843,10.8513581281759
4300000000,-0.17052903163337,10.6988795764307
4400000000,-0.0892470459512057,10.5330019304583
4500000000,-0.0084533818296011,10.354028152248
4600000000,0.0718069224485783,10.1622661787665
4700000000,0.151492010273679,9.95802732883683
4800000000,0.230563070521,9.74162489932894
4900000000,0.308984199746345,9.51337293168548
5000000000,0.386722264244398,9.27358513165695
5100000000,0.463746763176674,9.02257392675991
5200000000,0.540029693744879,8.76064964744109
5300000000,0.615545419188239,8.48811981924998
5400000000,0.690270540216687,8.20528855451451
5500000000,0.764183770349593,7.9124560330948
5600000000,0.837265815510403,7.6099180627699
5700000000,0.909499258126534,7.29796571070512
5800000000,0.980868445899388,6.97688499825936
5900000000,1.05135938533901,6.64695665213175
6000000000,1.12095964009929,6.30845590552212
6100000000,1.1896582341019,5.96165234359327
6200000000,1.25744555939786,5.6068097880839
6300000000,1.32431328868432,5.24418621643019
6400000000,1.39025429236896,4.87403371121814
6500000000,1.45526256005535,4.4965984362105
6600000000,1.51933312630742,4.11212063557523
6700000000,1.58246200054085,3.72083465329025
6800000000,1.64464610088137,3.32296897001478
6900000000,1.70588319182557,2.91874625500317
7000000000,1.76617182553727,2.50838343089576
7100000000,1.8255112866121,2.09209174945564
7200000000,1.88390154014402,1.67007687653076
7300000000,1.94134318293,1.24253898471242
7400000000,1.997837397652,0.809672852332313
7500000000,2.05338590988019,0.371667967595784
7600000000,2.10799094774536,-0.0712913632119394
7700000000,2.16165520413428,-0.519025904384499
7800000000,2.21438180126683,-0.971361377143346
7900000000,2.26617425751967,-1.42812834440159
8000000000,2.31703645636692,-1.88916209457635
8100000000,2.36697261731437,-2.35430252500289
8200000000,2.41598726870927,-2.82339402543101
8300000000,2.46408522231401,-3.29628536201942
8400000000,2.51127154953715,-3.77282956218652
8500000000,2.55755155922134,-4.25288380062413
8600000000,2.60293077689255,-4.73630928673529
8700000000,2.64741492538081,-5.22297115371632
8800000000,2.69100990672704,-5.71273834946758
8900000000,2.73372178529589,-6.20548352948515
9000000000,2.77555677201904,-6.70108295185746
9100000000,2.81652120969739,-7.19941637446604
9200000000,2.85662155929549,-7.70036695446749
9300000000,2.89586438716484,-8.20382115011458
9400000000,2.93425635313705,-8.70966862495736
9500000000,2.97180419943114,-9.21780215445033
9600000000,3.00851474032263,-9.72811753497907
9700000000,3.04439485252556,-10.2405134953083
9800000000,3.07945146624142,-10.7548916104438
9900000000,3.11369155683168,-11.2711562178918
10000000000,3.14712213707385,-11.7892143362937
10100000000,3.1797502499629,-12.3089755864059
10200000000,3.2115829620226,-12.8303521143911
10300000000,3.24262735709382,-13.3532585173824
10400000000,3.27289053056825,-13.8776117712775
10500000000,3.30237958403876,-14.4033311607196
10600000000,3.33110162033898,-14.9303382112153
10700000000,3.35906373894656,-15.4585566233422
10800000000,3.38627303172636,-15.9879122089956
10900000000,3.41273657899107,-16.5183328296214
11000000000,3.43846144585852,-17.0497483363851
11100000000,3.46345467888593,-17.5820905122226
11200000000,3.48772330296312,-18.1152930157219
11300000000,3.5112743184472,-18.6492913267818
11400000000,3.53411469852305,-19.1840226939974
11500000000,3.55625138677451,-19.7194260837186
11600000000,3.57769129495228,-20.2554421307333
11700000000,3.59844130092549,-20.7920130905226
11800000000,3.61850824680471,-21.3290827930411
11900000000,3.63789893722493,-21.8665965979717
12000000000,3.65662013777791,-22.4045013514098
12100000000,3.67467857358373,-22.942745343929
12200000000,3.69208092799241,-23.4812782699833
12300000000,3.70883384140671,-24.0200511886031
12400000000,3.72494391021799,-24.55901648534
12500000000,3.74041768584757,-25.0981278354205
12600000000,3.75526167388623,-25.6373401680673
12700000000,3.76948233332545,-26.1766096319482
12800000000,3.78308607587396,-26.7158935617158
12900000000,3.79607926535387,-27.2551504455995
13000000000,3.80846821717083,-27.7943398940146
13100000000,3.82025919785322,-28.3334226091545
13200000000,3.83145842465555,-28.8723603555301
13300000000,3.84207206522156,-29.411115931426
13400000000,3.85210623730306,-29.9496531412419
13500000000,3.86156700853031,-30.4879367686867
13600000000,3.87046039623056,-31.0259325507986
13700000000,3.87879236729124,-31.5636071527606
13800000000,3.88656883806459,-32.1009281434859
13900000000,3.89379567431083,-32.637863971945
14000000000,3.90047869117703,-33.1743839442104
14100000000,3.90662365320912,-33.7104582011927
14200000000,3.91223627439463,-34.2460576970465
14300000000,3.91732221823375,-34.781154178221
14400000000,3.92188709783683,-35.3157201631345
14500000000,3.92593647604614,-35.8497289224515
14600000000,3.92947586558007,-36.383154459941
14700000000,3.93251072919817,-36.9159714938969
14800000000,3.93504647988519,-37.4481554391018
14900000000,3.93708848105284,-37.9796823893145
15000000000,3.93864204675769,-38.5105291002651
15100000000,3.939712441934,-39.0406729731392
15200000000,3.9403048826401,-39.570092038536
15300000000,3.94042453631747,-40.0987649408833
15400000000,3.940076522061,-40.6266709232951
15500000000,3.93926591089987,-41.1537898128567
15600000000,3.93799772608784,-41.6801020063231
15700000000,3.93627694340213,-42.2055884562167
15800000000,3.9341084914502,-42.7302306573126
15900000000,3.93149725198342,-43.2540106334964
16000000000,3.92844806021724,-43.7769109249851
16100000000,3.9249657051569,-44.2989145758967
16200000000,3.92105492992823,-44.8200051221596
16300000000,3.91672043211296,-45.3401665797484
16400000000,3.91196686408793,-45.8593834332381
16500000000,3.90679883336776,-46.3776406246643
16600000000,3.9012209029505,-46.8949235426816
16700000000,3.8952375916658,-47.411218012009
16800000000,3.88885337452525,-47.9265102831546
16900000000,3.88207268307447,-48.4407870224101
17000000000,3.87489990574663,-48.9540353021069
17100000000,3.86733938821704,-49.4662425911257
17200000000,3.85939543375855,-49.9773967456515
17300000000,3.85107230359746,-50.4874860001669
17400000000,3.8423742172697,-50.996498958676
17500000000,3.83330535297699,-51.5044245861517
17600000000,3.82386984794277,-52.0112522002007
17700000000,3.81407179876783,-52.5169714629377
17800000000,3.80391526178518,-53.0215723730647
17900000000,3.79340425341421,-53.5250452581476
18000000000,3.78254275051396,-54.0273807670849
18100000000,3.77133469073513,-54.5285698627631
18200000000,3.75978397287103,-55.0286038148929
18300000000,3.74789445720704,-55.52747419302
18400000000,3.73566996586866,-56.0251728597084
18500000000,3.7231142831679,-56.5216919638869
18600000000,3.71023115594802,-57.017023934358
18700000000,3.69702429392653,-57.5111614734625
18800000000,3.68349737003619,-58.0040975508954
18900000000,3.66965402076426,-58.4958253976694
19000000000,3.65549784648953,-58.9863385002222
19100000000,3.64103241181746,-59.475630594662
19200000000,3.62626124591308,-59.9636956611489
19300000000,3.61118784283172,-60.4505279184083
19400000000,3.59581566184758,-60.936121818371
19500000000,3.58014812777995,-61.4204720409392
19600000000,3.56418863131717,-61.9035734888721
19700000000,3.54794052933825,-62.3854212827905
19800000000,3.5314071452321,-62.8660107562951
19900000000,3.51459176921442,-63.3453374511964
20000000000,3.49749765864209,-63.8233971128536
20100000000,3.48012803832523,-64.3001856856186
20200000000,3.46248610083676,-64.775699308383
20300000000,3.44457500681946,-65.2499343102249
20400000000,3.42639788529065,-65.7228872061543
20500000000,3.40795783394435,-66.1945546929517
20600000000,3.38925791945092,-66.6649336451008
20700000000,3.37030117775426,-67.1340211108102
20800000000,3.35109061436652,-67.601814308124
20900000000,3.33162920466029,-68.0683106211169
21000000000,3.31191989415831,-68.5335075961731
21100000000,3.29196559882073,-68.9974029383471
21200000000,3.27176920532982,-69.4599945078026
21300000000,3.25133357137229,-69.9212803163299
21400000000,3.23066152591905,-70.3812585239376
21500000000,3.20975586950259,-70.8399274355188
21600000000,3.18861937449183,-71.2972854975883
21700000000,3.16725478536462,-71.7533312950897
21800000000,3.14566481897771,-72.2080635482714
21900000000,3.12385216483435,-72.6614811096287
22000000000,3.10181948534951,-73.1135829609112
22100000000,3.07956941611259,-73.5643682101929
22200000000,3.05710456614792,-74.0138360890053
22300000000,3.03442751817271,-74.4619859495303
22400000000,3.01154082885278,-74.9088172618523
22500000000,2.98844702905586,-75.3543296112677
22600000000,2.96514862410262,-75.798522695651
22700000000,2.94164809401535,-76.241396322876
22800000000,2.91794789376438,-76.6829504082904
22900000000,2.8940504535122,-77.1231849722424
23000000000,2.86995817885531,-77.5621001376603
23100000000,2.84567345106383,-77.9996961276799
23200000000,2.8211986273189,-78.4359732633226
23300000000,2.79653604094784,-78.8709319612206
23400000000,2.7716880016571,-79.3045727313889
23500000000,2.7466567957631,-79.7368961750433
23600000000,2.7214446864208,-80.1679029824628
23700000000,2.69605391385024,-80.5975939308959
23800000000,2.67048669556088,-81.0259698825092
23900000000,2.6447452265738,-81.453031782379
24000000000,2.61883167964193,-81.8787806565218
24100000000,2.59274820546806,-82.3032176099668
24200000000,2.56649693292088,-82.7263438248661
24300000000,2.54007996924898,-83.1481605586439
24400000000,2.51349940029275,-83.5686691421827
24500000000,2.48675729069437,-83.9878709780462
24600000000,2.45985568410573,-84.4057675387387
24700000000,2.43279660339443,-84.8223603649984
24800000000,2.40558205084781,-85.2376510641258
24900000000,2.37821400837502,-85.6516413083457
25000000000,2.35069443770719,-86.0643328332017
25100000000,2.3230252805957,-86.4757274359831
25200000000,2.29520845900856,-86.8858269741835
25300000000,2.26724587532488,-87.2946333639899
25400000000,2.23913941252755,-87.702148578802
25500000000,2.21089093439404,-88.1083746477817
25600000000,2.18250228568538,-88.5133136544308
25700000000,2.15397529233336,-88.9169677351973
25800000000,2.12531176162593,-89.3193390781098
25900000000,2.09651348239076,-89.720429921439
26000000000,2.0675822251772,-90.1202425523853
26100000000,2.03851974243635,-90.5187793057934
26200000000,2.00932776869945,-90.9160425628919
26300000000,1.98000802075462,-91.3120347500578
26400000000,1.95056219782179,-91.7067583376067
26500000000,1.92099198172608,-92.1002158386052
26600000000,1.89129903706942,-92.4924098077088
26700000000,1.86148501140056,-92.8833428400214
26800000000,1.83155153538349,-93.2730175699785
26900000000,1.80150022296412,-93.6614366702519
27000000000,1.77133267153548,-94.0486028506765
27100000000,1.74105046210131,-94.4345188571984
27200000000,1.71065515943801,-94.8191874708436
27300000000,1.68014831225507,-95.2026115067077
27400000000,1.64953145335402,-95.5847938129652
27500000000,1.6188060997857,-95.9657372698989
27600000000,1.5879737530062,-96.345444788948
27700000000,1.55703589903109,-96.723919311776
27800000000,1.5259940085884,-97.1011638093562
27900000000,1.49484953726988,-97.4771812810762
28000000000,1.46360392568097,-97.8519747538596
28100000000,1.43225859958928,-98.2255472813058
28200000000,1.4008149700716,-98.5979019428463
28300000000,1.3692744336595,-98.9690418429186
28400000000,1.33763837248359,-99.3389701101557
28500000000,1.30590815441627,-99.7076898965923
28600000000,1.27408513321319,-100.075204376887
28700000000,1.24217064865331,-100.44151674756
28800000000,1.21016602667758,-100.806630226246
28900000000,1.17807257952634,-101.170548050962
29000000000,1.14589160587531,-101.533273479387
29100000000,1.11362439097033,-101.894809788165
29200000000,1.08127220676074,-102.25516027221
29300000000,1.0488363120315,-102.614328244036
29400000000,1.01631795253403,-102.97231703309
29500000000,0.983718361115717,-103.329129985108
29600000000,0.951038757848289,-103.684770461481
29700000000,0.918280350154804,-104.039241838626
29800000000,0.885444332935487,-104.392547507385
29900000000,0.852531888692329,-104.744690872422
30000000000,0.819544187652445,-105.09567535164
30100000000,0.78648238789028,-105.445504375608
30200000000,0.75334763544859,-105.794181386998
30300000000,0.720141064458234,-106.141709840036
30400000000,0.686863797256828,-106.488093199964
30500000000,0.653516944506245,-106.83333494251
30600000000,0.620101605308945,-107.177438553374
30700000000,0.586618867323162,-107.52040752772
30800000000,0.553069806877009,-107.862245369679
30900000000,0.519455489081431,-108.202955591865
31000000000,0.485776967942087,-108.542541714899
31100000000,0.45203528647009,-108.881007266945
31200000000,0.418231476791703,-109.218355783251
31300000000,0.384366560256981,-109.554590805702
31400000000,0.350441547547273,-109.889715882388
31500000000,0.316457438781761,-110.223734567168
31600000000,0.282415223622897,-110.55665041926
31700000000,0.24831588138083,-110.888467002823
31800000000,0.21416038111679,-111.219187886557
31900000000,0.179949681745515,-111.548816643315
32000000000,0.145684732136576,-111.877356849711
32100000000,0.111366471214801,-112.204812085748
32200000000,0.0769958280596625,-112.531185934448
32300000000,0.0425737220037182,-112.856481981489
32400000000,0.00810106273004087,-113.180703814856
32500000000,-0.0264212496312523,-113.503855024493
32600000000,-0.0609923244074728,-113.825939201967
32700000000,-0.0956112802887208,-114.146959940133
32800000000,-0.130277245234229,-114.466920832815
32900000000,-0.164989356379594,-114.785825474487
33000000000,-0.199746759944925,-115.103677459966
33100000000,-0.234548611143903,-115.420480384106
33200000000,-0.269394074093745,-115.736237841503
33300000000,-0.304282321726031,-116.050953426205
33400000000,-0.339212535698436,-116.364630731432
33500000000,-0.374183906307315,-116.677273349295
33600000000,-0.409195632401159,-116.988884870526
33700000000,-0.444246921294907,-117.299468884215
33800000000,-0.479336988685093,-117.609028977552
33900000000,-0.51446505856583,-117.91756873557
34000000000,-0.549630363145659,-118.225091740901
34100000000,-0.584832142765175,-118.531601573537
34200000000,-0.620069645815468,-118.837101810587
34300000000,-0.655342128657422,-119.141596026052
34400000000,-0.690648855541769,-119.445087790601
34500000000,-0.725989098529925,-119.747580671344
34600000000,-0.761362137415632,-120.049078231624
34700000000,-0.796767259647405,-120.349584030804
34800000000,-0.832203760251671,-120.649101624063
34900000000,-0.867670941756746,-120.947634562196
35000000000,-0.903168114117514,-121.245186391418
35100000000,-0.938694594640864,-121.541760653174
35200000000,-0.974249707911913,-121.837360883952
35300000000,-1.00983278572088,-122.131990615104
35400000000,-1.04544316699073,-122.425653372666
35500000000,-1.08108019770559,-122.718352677186
35600000000,-1.11674323083973,-123.010092043558
35700000000,-1.15243162628743,-123.300874980854
35800000000,-1.18814475079339,-123.590704992165
35900000000,-1.22388197788392,-123.879585574446
36000000000,-1.2596426877988,-124.167520218362
36100000000,-1.29542626742376,-124.454512408142
36200000000,-1.33123211022376,-124.74056562143
36300000000,-1.36705961617676,-125.02568332915
36400000000,-1.40290819170832,-125.309868995364
36500000000,-1.43877724962672,-125.59312607714
36600000000,-1.47466620905881,-125.875458024422
36700000000,-1.51057449538645,-126.156868279904
36800000000,-1.54650154018361,-126.437360278906
36900000000,-1.58244678115409,-126.716937449252
37000000000,-1.61840966206986,-126.995603211159
37100000000,-1.65438963270997,-127.273360977117
37200000000,-1.69038614880021,-127.550214151783
37300000000,-1.72639867195317,-127.826166131871
37400000000,-1.76242666960908,-128.101220306051
37500000000,-1.79846961497712,-128.375380054844
37600000000,-1.83452698697735,-128.648648750528
37700000000,-1.87059827018328,-128.921029757037
37800000000,-1.90668295476494,-129.192526429874
37900000000,-1.9427805364325,-129.463142116017
38000000000,-1.97889051638056,-129.732880153835
38100000000,-2.01501240123287,-130.001743872999
38200000000,-2.05114570298772,-130.269736594404
38300000000,-2.08728993896379,-130.53686163009
38400000000,-2.12344463174655,-130.803122283159
38500000000,-2.15960930913526,-131.06852184771
38600000000,-2.19578350409044,-131.333063608758
38700000000,-2.23196675468186,-131.596750842169
38800000000,-2.26815860403713,-131.859586814591
38900000000,-2.30435860029066,-132.12157478339
39000000000,-2.34056629653331,-132.382717996587
39100000000,-2.37678125076239,-132.643019692795
39200000000,-2.41300302583225,-132.902483101163
39300000000,-2.44923118940534,-133.161111441318
39400000000,-2.48546531390373,-133.418907923311
39500000000,-2.52170497646117,-133.675875747565
39600000000,-2.55794975887562,-133.932018104823
39700000000,-2.59419924756218,-134.187338176101
39800000000,-2.63045303350661,-134.441839132642
39900000000,-2.66671071221921,-134.695524135867
40000000000,-2.70297188368929,-134.948396337337
40100000000,-2.73923615233989,-135.200458878709
40200000000,-2.77550312698318,-135.451714891698
40300000000,-2.8117724207762,-135.702167498038
40400000000,-2.84804365117699,-135.951819809447
40500000000,-2.88431643990127,-136.200674927591
40600000000,-2.92059041287949,-136.448735944054
40700000000,-2.95686520021435,-136.696005940303
40800000000,-2.99314043613868,-136.942487987663
40900000000,-3.0294157589738,-137.188185147284
41000000000,-3.06569081108832,-137.433100470118
41100000000,-3.10196523885726,-137.677236996892
41200000000,-3.13823869262168,-137.920597758087
41300000000,-3.17451082664865,-138.163185773909
41400000000,-3.21078129909165,-138.405004054276
41500000000,-3.24704977195135,-138.646055598794
41600000000,-3.28331591103682,-138.88634339674
41700000000,-3.31957938592708,-139.125870427043
41800000000,-3.35583986993308,-139.364639658271
41900000000,-3.39209704006003,-139.602654048614
42000000000,-3.42835057697013,-139.839916545875
42100000000,-3.46460016494563,-140.07643008745
42200000000,-3.50084549185238,-140.312197600327
42300000000,-3.53708624910356,-140.547222001066
42400000000,-3.57332213162393,-140.781506195798
42500000000,-3.60955283781441,-141.015053080216
42600000000,-3.64577806951694,-141.247865539564
42700000000,-3.68199753197976,-141.479946448636
42800000000,-3.71821093382303,-141.71129867177
42900000000,-3.75441798700481,-141.941925062845
43000000000,-3.79061840678732,-142.171828465277
43100000000,-3.8268119117036,-142.401011712019
43200000000,-3.86299822352448,-142.62947762556
43300000000,-3.89917706722589,-142.857229017925
43400000000,-3.93534817095649,-143.084268690676
43500000000,-3.97151126600564,-143.310599434916
43600000000,-4.00766608677167,-143.536224031288
43700000000,-4.0438123707305,-143.761145249981
43800000000,-4.0799498584045,-143.985365850738
43900000000,-4.11607829333181,-144.208888582854
44000000000,-4.15219742203578,-144.431716185188
44100000000,-4.18830699399491,-144.653851386167
44200000000,-4.2244067616129,-144.875296903798
44300000000,-4.26049648018917,-145.096055445668
44400000000,-4.29657590788958,-145.316129708962
44500000000,-4.33264480571744,-145.535522380469
44600000000,-4.36870293748489,-145.75423613659
44700000000,-4.40475006978447,-145.972273643353
44800000000,-4.44078597196104,-146.189637556426
44900000000,-4.47681041608399,-146.406330521122
45000000000,-4.51282317691964,-146.622355172421
45100000000,-4.54882403190404,-146.837714134979
45200000000,-4.58481276111597,-147.052410023142
45300000000,-4.62078914725019,-147.266445440962
45400000000,-4.65675297559103,-147.479822982213
45500000000,-4.69270403398621,-147.692545230404
45600000000,-4.72864211282089,-147.904614758802
45700000000,-4.76456700499203,-148.116034130439
45800000000,-4.80047850588301,-148.32680589814
45900000000,-4.83637641333845,-148.536932604534
46000000000,-4.87226052763933,-148.746416782074
46100000000,-4.90813065147837,-148.955260953059
46200000000,-4.94398658993558,-149.16346762965
46300000000,-4.97982815045417,-149.371039313889
46400000000,-5.01565514281661,-149.577978497725
46500000000,-5.05146737912094,-149.784287663029
46600000000,-5.08726467375741,-149.989969281617
46700000000,-5.1230468433852,-150.195025815272
46800000000,-5.15881370690953,-150.399459715766
46900000000,-5.19456508545886,-150.603273424884
47000000000,-5.23030080236244,-150.806469374441
47100000000,-5.26602068312802,-151.009049986312
47200000000,-5.30172455541977,-151.211017672451
47300000000,-5.33741224903647,-151.412374834916
47400000000,-5.37308359588988,-151.613123865895
47500000000,-5.40873842998337,-151.813267147727
47600000000,-5.44437658739069,-152.012807052927
47700000000,-5.47999790623505,-152.211745944217
47800000000,-5.51560222666833,-152.410086174541
47900000000,-5.55118939085051,-152.607830087102
48000000000,-5.58675924292937,-152.804980015378
48100000000,-5.62231162902031,-153.001538283156
48200000000,-5.65784639718643,-153.197507204551
48300000000,-5.69336339741878,-153.392889084041
48400000000,-5.72886248161681,-153.587686216487
48500000000,-5.76434350356905,-153.781900887162
48600000000,-5.79980631893391,-153.975535371783
48700000000,-5.83525078522077,-154.168591936531
48800000000,-5.87067676177116,-154.361072838084
48900000000,-5.90608410974021,-154.552980323644
49000000000,-5.94147269207825,-154.744316630966
49100000000,-5.9768423735126,-154.935083988383
49200000000,-6.01219302052949,-155.12528461484
49300000000,-6.04752450135627,-155.314920719918
49400000000,-6.08283668594371,-155.503994503865
49500000000,-6.11812944594852,-155.692508157627
49600000000,-6.15340265471601,-155.880463862873
49700000000,-6.18865618726294,-156.06786379203
49800000000,-6.22388992026058,-156.254710108306
49900000000,-6.25910373201787,-156.441004965726
50000000000,-6.2942975024648,-156.626750509159
